hour,pv_generation_kw
0,0.0
1,0.0
2,0.0
3,0.0
4,0.0
5,0.0
6,0.0
7,15.129480859923579
8,23.537606358423197
9,33.9157093719794
10,48.07391820450002
11,49.88998357287498
12,57.04195420627616
13,51.47598554782377
14,51.75826418276457
15,42.64171702454053
16,31.178057292673373
17,14.564496243594425
18,6.201338206795619e-15
19,0.0
20,0.0
21,0.0
22,0.0
23,0.0
