{
  "daily_profile": [
    0.0,
    0.0,
    0.0,
    0.0,
    0.0001481767358408,
    0.0021144546346735,
    0.0099939203847816,
    0.0259290816126242,
    0.050025357103329,
    0.0680130204323389,
    0.0803736388802421,
    0.0861766970946822,
    0.0844076670557717,
    0.0760386043839169,
    0.0611560638218763,
    0.0422642211067877,
    0.020333950056204,
    0.0066478516817985,
    0.0014009485516645,
    6.697998270644185e-06,
    0.0,
    0.0,
    0.0,
    0.0
  ],
  "seasonal_profiles": {
    "spring": [
      3.3600000000000003,
      3.7800000000000002,
      4.2,
      4.620000000000001,
      5.04,
      5.460000000000001,
      5.88,
      6.300000000000001,
      6.720000000000001,
      6.300000000000001,
      5.88,
      5.460000000000001,
      5.04,
      4.620000000000001,
      4.2,
      3.7800000000000002,
      3.3600000000000003,
      2.94,
      2.52,
      2.1,
      1.6800000000000002,
      1.26,
      0.8400000000000001,
      0.42000000000000004
    ],
    "summer": [
      4.08,
      4.76,
      5.44,
      6.12,
      6.8,
      7.48,
      8.84,
      10.2,
      11.559999999999999,
      12.92,
      13.6,
      14.28,
      14.96,
      14.28,
      13.6,
      12.92,
      11.559999999999999,
      10.2,
      8.84,
      7.48,
      6.12,
      4.76,
      3.4,
      2.04
    ],
    "autumn": [
      3.15,
      3.6,
      4.05,
      4.5,
      4.95,
      5.3999999999999995,
      5.8500000000000005,
      6.3,
      6.75,
      6.3,
      5.8500000000000005,
      5.3999999999999995,
      4.95,
      4.5,
      4.05,
      3.6,
      3.15,
      2.6999999999999997,
      2.25,
      1.8,
      1.3499999999999999,
      0.9,
      0.45,
      0.0
    ],
    "winter": [
      1.15,
      1.38,
      1.6099999999999999,
      1.8399999999999999,
      2.07,
      2.3,
      2.53,
      2.76,
      2.9899999999999998,
      2.76,
      2.53,
      2.3,
      2.07,
      1.8399999999999999,
      1.6099999999999999,
      1.38,
      1.15,
      0.9199999999999999,
      0.69,
      0.45999999999999996,
      0.22999999999999998,
      0.0,
      0.0,
      0.0
    ]
  },
  "monthly_data": {
    "month": [
      "Jan",
      "Feb",
      "Mar",
      "Apr",
      "May",
      "Jun",
      "Jul",
      "Aug",
      "Sep",
      "Oct",
      "Nov",
      "Dec"
    ],
    "generation_kwh": [
      45,
      78,
      125,
      180,
      220,
      250,
      260,
      240,
      180,
      120,
      65,
      40
    ],
    "sunshine_hours": [
      4.2,
      5.8,
      7.2,
      8.1,
      8.8,
      9.2,
      9.5,
      8.9,
      7.8,
      6.1,
      4.5,
      3.8
    ],
    "efficiency": [
      0.85,
      0.88,
      0.92,
      0.95,
      0.97,
      0.98,
      0.99,
      0.97,
      0.94,
      0.9,
      0.87,
      0.84
    ]
  },
  "family_consumption": {
    "family_4": {
      "base_consumption": [
        0.8,
        0.6,
        0.5,
        0.4,
        0.5,
        0.8,
        1.2,
        1.5,
        1.8,
        1.6,
        1.4,
        1.6,
        1.8,
        1.6,
        1.4,
        1.6,
        2.2,
        2.8,
        3.2,
        3.0,
        2.8,
        2.4,
        1.8,
        1.2
      ],
      "peak_morning": 1.8,
      "peak_evening": 3.2,
      "night_base": 0.4
    },
    "family_3": {
      "base_consumption": [
        0.6,
        0.4,
        0.3,
        0.3,
        0.4,
        0.6,
        0.9,
        1.1,
        1.3,
        1.2,
        1.0,
        1.2,
        1.3,
        1.2,
        1.0,
        1.2,
        1.6,
        2.1,
        2.4,
        2.2,
        2.0,
        1.8,
        1.3,
        0.9
      ],
      "peak_morning": 1.3,
      "peak_evening": 2.4,
      "night_base": 0.3
    },
    "family_3_alt": {
      "base_consumption": [
        0.7,
        0.5,
        0.4,
        0.3,
        0.4,
        0.7,
        1.0,
        1.3,
        1.5,
        1.4,
        1.2,
        1.4,
        1.5,
        1.4,
        1.2,
        1.4,
        1.9,
        2.4,
        2.7,
        2.5,
        2.3,
        2.0,
        1.5,
        1.0
      ],
      "peak_morning": 1.5,
      "peak_evening": 2.7,
      "night_base": 0.3
    },
    "family_2": {
      "base_consumption": [
        0.4,
        0.3,
        0.2,
        0.2,
        0.3,
        0.4,
        0.6,
        0.8,
        1.0,
        0.9,
        0.8,
        0.9,
        1.0,
        0.9,
        0.8,
        0.9,
        1.2,
        1.6,
        1.8,
        1.7,
        1.5,
        1.3,
        1.0,
        0.7
      ],
      "peak_morning": 1.0,
      "peak_evening": 1.8,
      "night_base": 0.2
    }
  },
  "tariff_data": {
    "weekday": {
      "hours": [
        1,
        2,
        3,
        4,
        5,
        6,
        7,
        8,
        9,
        10,
        11,
        12,
        13,
        14,
        15,
        16,
        17,
        18,
        19,
        20,
        21,
        22,
        23,
        24
      ],
      "buy_prices": [
        0.24,
        0.24,
        0.24,
        0.24,
        0.24,
        0.24,
        0.34,
        0.48,
        0.48,
        0.48,
        0.48,
        0.48,
        0.48,
        0.48,
        0.48,
        0.48,
        0.48,
        0.48,
        0.34,
        0.34,
        0.34,
        0.34,
        0.24,
        0.24
      ],
      "sell_prices": [
        0.1,
        0.1,
        0.1,
        0.1,
        0.1,
        0.1,
        0.1,
        0.1,
        0.1,
        0.1,
        0.1,
        0.1,
        0.1,
        0.1,
        0.1,
        0.1,
        0.1,
        0.1,
        0.1,
        0.1,
        0.1,
        0.1,
        0.1,
        0.1
      ],
      "bands": [
        "F3",
        "F3",
        "F3",
        "F3",
        "F3",
        "F3",
        "F2",
        "F1",
        "F1",
        "F1",
        "F1",
        "F1",
        "F1",
        "F1",
        "F1",
        "F1",
        "F1",
        "F1",
        "F2",
        "F2",
        "F2",
        "F2",
        "F3",
        "F3"
      ]
    },
    "saturday": {
      "hours": [
        1,
        2,
        3,
        4,
        5,
        6,
        7,
        8,
        9,
        10,
        11,
        12,
        13,
        14,
        15,
        16,
        17,
        18,
        19,
        20,
        21,
        22,
        23,
        24
      ],
      "buy_prices": [
        0.24,
        0.24,
        0.24,
        0.24,
        0.24,
        0.24,
        0.34,
        0.34,
        0.34,
        0.34,
        0.34,
        0.34,
        0.34,
        0.34,
        0.34,
        0.34,
        0.34,
        0.34,
        0.34,
        0.34,
        0.34,
        0.34,
        0.24,
        0.24
      ],
      "sell_prices": [
        0.1,
        0.1,
        0.1,
        0.1,
        0.1,
        0.1,
        0.1,
        0.1,
        0.1,
        0.1,
        0.1,
        0.1,
        0.1,
        0.1,
        0.1,
        0.1,
        0.1,
        0.1,
        0.1,
        0.1,
        0.1,
        0.1,
        0.1,
        0.1
      ],
      "bands": [
        "F3",
        "F3",
        "F3",
        "F3",
        "F3",
        "F3",
        "F2",
        "F2",
        "F2",
        "F2",
        "F2",
        "F2",
        "F2",
        "F2",
        "F2",
        "F2",
        "F2",
        "F2",
        "F2",
        "F2",
        "F2",
        "F2",
        "F3",
        "F3"
      ]
    },
    "sunday": {
      "hours": [
        1,
        2,
        3,
        4,
        5,
        6,
        7,
        8,
        9,
        10,
        11,
        12,
        13,
        14,
        15,
        16,
        17,
        18,
        19,
        20,
        21,
        22,
        23,
        24
      ],