hour,pv_kw
0,0.0
1,0.0
2,0.0
3,0.0
4,0.00014817673584089925
5,0.002114454634673584
6,0.009993920384781668
7,0.025929081612624295
8,0.05002535710332901
9,0.06801302043233896
10,0.08037363888024211
11,0.08617669709468223
12,0.08440766705577173
13,0.07603860438391699
14,0.061156063821876355
15,0.04226422110678772
16,0.020333950056204062
17,0.006647851681798531
18,0.001400948551664505
19,6.697998270644185e-06
20,0.0
21,0.0
22,0.0
23,0.0
