hour,pv_generation_kw
0,0.0
1,0.0
2,0.0
3,0.0
4,0.0001481767358408
5,0.0021144546346735
6,0.0099939203847816
7,0.0259290816126242
8,0.050025357103329
9,0.0680130204323389
10,0.0803736388802421
11,0.0861766970946822
12,0.0844076670557717
13,0.0760386043839169
14,0.0611560638218763
15,0.0422642211067877
16,0.020333950056204
17,0.0066478516817985
18,0.0014009485516645
19,6.697998270644185e-06
20,0.0
21,0.0
22,0.0
23,0.0
